{"cameraMode":{"drawMode":0,"name":"Shaded","section":"Shading Mode"},"sceneLighting":true,"audioPlay":false,"sceneViewState":{"showFog":true,"showMaterialUpdate":true,"showSkybox":true,"showFlares":true,"showImageEffects":true,"showParticleSystems":true},"in2DMode":false,"pivot":{"x":-10.281820297241211,"y":0.5982016921043396,"z":25.19670867919922},"rotation":{"x":0.04183875769376755,"y":0.08412375301122666,"z":-0.00353444367647171,"w":0.9955703020095825},"size":55.674041748046878,"orthographic":false}