{"cameraMode":{"drawMode":0,"name":"Shaded","section":"Shading Mode"},"sceneLighting":false,"audioPlay":false,"sceneViewState":{"showFog":true,"showMaterialUpdate":true,"showSkybox":true,"showFlares":true,"showImageEffects":true,"showParticleSystems":true},"in2DMode":false,"pivot":{"x":-9.180000305175782,"y":1.0,"z":24.459999084472658},"rotation":{"x":0.19228707253932954,"y":-0.008831912651658059,"z":0.0017306376248598099,"w":0.981297492980957},"size":4.041658401489258,"orthographic":false}